,0,1,2,3,4,5,6,7,8,9,10,11,12,13,14,15,16,17,18,19,20,21,22,23,24,25,26,27,28,29,30,31,32,33,34,35,36,37,38,39,40,41,42,43,44,45,46,47,48,49,50,51,52,53,54,55,56,57,58,59,60,61,62,63,64,65,66,67,68,69,70,71,72,73,74,75,76,77,78,79,80,81,82,83,84,85,86,87,88,89,90,91
0,1, Sec-17 Rohini, 1 - Block-A Pkt-3 , Rohini Sector-17],,,,,,,,,,,,,,,,,,,,,,,,,,,,,,,,,,,,,,,,,,,,,,,,,,,,,,,,,,,,,,,,,,,,,,,,,,,,,,,,,,,,,,,,
1,2, Sec-17 Rohini, 1 - Block-A Pkt-4 , Rohini Sector-17, 2 - Block-A Pkt-5, Rohini Sector-17],,,,,,,,,,,,,,,,,,,,,,,,,,,,,,,,,,,,,,,,,,,,,,,,,,,,,,,,,,,,,,,,,,,,,,,,,,,,,,,,,,,,,,
2,3, Sec-17 Rohini, 1 - B-Block Pkt-1, Rohini Sector-17, 2 - Elder Home Society-4, Sector-17 Rohini],,,,,,,,,,,,,,,,,,,,,,,,,,,,,,,,,,,,,,,,,,,,,,,,,,,,,,,,,,,,,,,,,,,,,,,,,,,,,,,,,,,,,,
3,4, Sec-17 Rohini, 1 - B-Block Pkt-2, Rohini Sector-17, 2 - Police Chowki, Sector -17, Rohini, 3 - B-Block Pkt-5 Sector -17, Rohini, 4 - B-Block Pkt-3, Rohini Sector-17, 5 - B-4, Sector -17, Rohini],,,,,,,,,,,,,,,,,,,,,,,,,,,,,,,,,,,,,,,,,,,,,,,,,,,,,,,,,,,,,,,,,,,,,,,,,,,,,,
4,5, Sec-17 Rohini, 1 - B-Block Pkt-6 , Rohini Sector-17, 2 - Shahbad Extension Near B-Block Pkt-6, Rohini Sector-17],,,,,,,,,,,,,,,,,,,,,,,,,,,,,,,,,,,,,,,,,,,,,,,,,,,,,,,,,,,,,,,,,,,,,,,,,,,,,,,,,,,,,,
5,6, Sec-17 Rohini, 1 - A-Block Pkt-6, Rohini Sector-17, 2 - A-Block Pkt-8, Rohini Sector-17],,,,,,,,,,,,,,,,,,,,,,,,,,,,,,,,,,,,,,,,,,,,,,,,,,,,,,,,,,,,,,,,,,,,,,,,,,,,,,,,,,,,,,
6,7, Sec-16 Rohini, 1 - A-Block Pkt-7, Rohini Sector-17],,,,,,,,,,,,,,,,,,,,,,,,,,,,,,,,,,,,,,,,,,,,,,,,,,,,,,,,,,,,,,,,,,,,,,,,,,,,,,,,,,,,,,,,
7,8, Sec-17 Rohini, 1 - A-Block Pkt-1, Rohini Sector-17],,,,,,,,,,,,,,,,,,,,,,,,,,,,,,,,,,,,,,,,,,,,,,,,,,,,,,,,,,,,,,,,,,,,,,,,,,,,,,,,,,,,,,,,
8,9, Sec-17 Rohini, 1 - A-Block Pkt-2, Rohini Sector-17],,,,,,,,,,,,,,,,,,,,,,,,,,,,,,,,,,,,,,,,,,,,,,,,,,,,,,,,,,,,,,,,,,,,,,,,,,,,,,,,,,,,,,,,
9,10, Sec-17 Rohini, 1 - Block-B Pkt-7, Rohini Sector-17, 2 - Block-B Pkt-7A, Rohini Sector-17],,,,,,,,,,,,,,,,,,,,,,,,,,,,,,,,,,,,,,,,,,,,,,,,,,,,,,,,,,,,,,,,,,,,,,,,,,,,,,,,,,,,,,
10,11, Sec-17 Rohini, 1 - Block-C Pkt-1, Rohini Sector-17, 2 - Block-C, Pkt-2, Rohini Sector 17],,,,,,,,,,,,,,,,,,,,,,,,,,,,,,,,,,,,,,,,,,,,,,,,,,,,,,,,,,,,,,,,,,,,,,,,,,,,,,,,,,,,,
11,12, Sec-17 Rohini, 1 - Block-A, Amar Jyoti Colony, Rohini Sector-17, 2 - Block-B, Amar Jyoti Colony, Rohini Sector-17],,,,,,,,,,,,,,,,,,,,,,,,,,,,,,,,,,,,,,,,,,,,,,,,,,,,,,,,,,,,,,,,,,,,,,,,,,,,,,,,,,,,
12,13, Sec-17 Rohini, 1 - Block-C, Amar Jyoti Colony, Rohini Sector-17],,,,,,,,,,,,,,,,,,,,,,,,,,,,,,,,,,,,,,,,,,,,,,,,,,,,,,,,,,,,,,,,,,,,,,,,,,,,,,,,,,,,,,,
13,14, Rohini Sector-16, 1 - Block- J, Sardar Colony, Rohini Sector-16, 2 - Block- J, Shri Krishna Appt., Rohini Sector-16],,,,,,,,,,,,,,,,,,,,,,,,,,,,,,,,,,,,,,,,,,,,,,,,,,,,,,,,,,,,,,,,,,,,,,,,,,,,,,,,,,,,
14,15, Rohini Sector-16, 1 - Block- J, Sardar Colony, Rohini Sector-16],,,,,,,,,,,,,,,,,,,,,,,,,,,,,,,,,,,,,,,,,,,,,,,,,,,,,,,,,,,,,,,,,,,,,,,,,,,,,,,,,,,,,,,
15,16, Rohini Sector-16, 1 - Block- J, Sardar Colony, Rohini Sector-16],,,,,,,,,,,,,,,,,,,,,,,,,,,,,,,,,,,,,,,,,,,,,,,,,,,,,,,,,,,,,,,,,,,,,,,,,,,,,,,,,,,,,,,
16,17, Rohini Sector-16, 1 - Block-J, Sector-16, Rohini],,,,,,,,,,,,,,,,,,,,,,,,,,,,,,,,,,,,,,,,,,,,,,,,,,,,,,,,,,,,,,,,,,,,,,,,,,,,,,,,,,,,,,,
17,18, Rohini Sector-16, 1 - Block-E, Pkt-1, Rohini Sector-16, 2 - Block-E, Pkt-2 , Rohini Sector-16],,,,,,,,,,,,,,,,,,,,,,,,,,,,,,,,,,,,,,,,,,,,,,,,,,,,,,,,,,,,,,,,,,,,,,,,,,,,,,,,,,,,
18,19, Rohini Sector-16, 1 - Block-F, Pkt-1 , Rohini Sector-16],,,,,,,,,,,,,,,,,,,,,,,,,,,,,,,,,,,,,,,,,,,,,,,,,,,,,,,,,,,,,,,,,,,,,,,,,,,,,,,,,,,,,,,
19,20, Rohini Sector-16, 1 - Block-E, Pkt-3 , Rohini Sector-16, 2 - Block-E, Pkt-4 , Rohini Sector-16],,,,,,,,,,,,,,,,,,,,,,,,,,,,,,,,,,,,,,,,,,,,,,,,,,,,,,,,,,,,,,,,,,,,,,,,,,,,,,,,,,,,
20,21, Rohini Sector-16, 1 - Block E, Pkt 5, Rohini Sector-16, 2 - Block-F, Pkt-2 , Rohini Sector-16, 3 - A S Mandir, Pkt E 5, Sec-16, Rohini, 4 - Mandir, Pkt F 2, Sec-16, Rohini],,,,,,,,,,,,,,,,,,,,,,,,,,,,,,,,,,,,,,,,,,,,,,,,,,,,,,,,,,,,,,,,,,,,,,,,,,,,
21,22, Rohini Sector-16, 1 - Block-F, Pkt-3 , Rohini Sector-16],,,,,,,,,,,,,,,,,,,,,,,,,,,,,,,,,,,,,,,,,,,,,,,,,,,,,,,,,,,,,,,,,,,,,,,,,,,,,,,,,,,,,,,
22,23, Rohini Sector-16, 1 - Block-F Pkt-4, Rohini Sector-16],,,,,,,,,,,,,,,,,,,,,,,,,,,,,,,,,,,,,,,,,,,,,,,,,,,,,,,,,,,,,,,,,,,,,,,,,,,,,,,,,,,,,,,,
23,24, Rohini Sector-16, 1 - Block-F, Pkt-5, Rohini Sector-16, 2 - Block-F Pkt-6, Rohini Sector-16],,,,,,,,,,,,,,,,,,,,,,,,,,,,,,,,,,,,,,,,,,,,,,,,,,,,,,,,,,,,,,,,,,,,,,,,,,,,,,,,,,,,,
24,25, Rohini Sector-16, 1 - Block-F, Pkt-7, Rohini Sector-16, 2 - Block-F, Pkt-7A, Rohini Sector-16, 3 - Mandir, Pkt F 7, Sec - 16 , Rohini, 4 - Mandir, Pkt F 7 A, Sec -16 , Rohini],,,,,,,,,,,,,,,,,,,,,,,,,,,,,,,,,,,,,,,,,,,,,,,,,,,,,,,,,,,,,,,,,,,,,,,,,,,,
25,26, Rohini Sector-16, 1 - Block-G, Pkt-1, Rohini Sector-16],,,,,,,,,,,,,,,,,,,,,,,,,,,,,,,,,,,,,,,,,,,,,,,,,,,,,,,,,,,,,,,,,,,,,,,,,,,,,,,,,,,,,,,
26,27, Rohini Sector-16, 1 - Block-G, Pkt-2, Rohini Sector-16],,,,,,,,,,,,,,,,,,,,,,,,,,,,,,,,,,,,,,,,,,,,,,,,,,,,,,,,,,,,,,,,,,,,,,,,,,,,,,,,,,,,,,,
27,28, Rohini Sector-16, 1 - Block-G, Pkt-3, Rohini Sector-16],,,,,,,,,,,,,,,,,,,,,,,,,,,,,,,,,,,,,,,,,,,,,,,,,,,,,,,,,,,,,,,,,,,,,,,,,,,,,,,,,,,,,,,
28,29, Rohini Sector-16, 1 - Block-G, Pkt-4, Rohini Sector-16],,,,,,,,,,,,,,,,,,,,,,,,,,,,,,,,,,,,,,,,,,,,,,,,,,,,,,,,,,,,,,,,,,,,,,,,,,,,,,,,,,,,,,,
29,30, Rohini Sector-16, 1 - Block-G, Pkt-5 , Rohini Sector-16, 2 - Mandir, Pkt G 5, Sec 16 , Rohini],,,,,,,,,,,,,,,,,,,,,,,,,,,,,,,,,,,,,,,,,,,,,,,,,,,,,,,,,,,,,,,,,,,,,,,,,,,,,,,,,,,
30,31, Rohini Sector-16, 1 - Block-G, Pkt-6, Rohini Sector-16],,,,,,,,,,,,,,,,,,,,,,,,,,,,,,,,,,,,,,,,,,,,,,,,,,,,,,,,,,,,,,,,,,,,,,,,,,,,,,,,,,,,,,,
31,32, Rohini Sector-16, 1 - Block-G, Pkt-8, Rohini Sector-16, 2 - Block-G, Pkt-9, Rohini Sector-16],,,,,,,,,,,,,,,,,,,,,,,,,,,,,,,,,,,,,,,,,,,,,,,,,,,,,,,,,,,,,,,,,,,,,,,,,,,,,,,,,,,,
32,33, Rohini Sector-16, 1 - Block-G, Pkt-7 , Rohini Sector-16],,,,,,,,,,,,,,,,,,,,,,,,,,,,,,,,,,,,,,,,,,,,,,,,,,,,,,,,,,,,,,,,,,,,,,,,,,,,,,,,,,,,,,,
33,34, Rohini Sector-16, 1 - Block-I, Pkt-1, Rohini Sector-16, 2 - Block-I, Pkt-2 , Rohini Sector-16],,,,,,,,,,,,,,,,,,,,,,,,,,,,,,,,,,,,,,,,,,,,,,,,,,,,,,,,,,,,,,,,,,,,,,,,,,,,,,,,,,,,
34,35, Rohini Sector-16, 1 - Block-I, Pkt-3, Rohini Sector-16, 2 - Block-I, Pkt-4, Rohini Sector-16],,,,,,,,,,,,,,,,,,,,,,,,,,,,,,,,,,,,,,,,,,,,,,,,,,,,,,,,,,,,,,,,,,,,,,,,,,,,,,,,,,,,
35,36, Rohini Sector-16, 1 - Block-I, Pkt-5, Rohini Sector-16, 2 - Block-I, Pkt-6 , Rohini Sector-16],,,,,,,,,,,,,,,,,,,,,,,,,,,,,,,,,,,,,,,,,,,,,,,,,,,,,,,,,,,,,,,,,,,,,,,,,,,,,,,,,,,,
36,37, Rohini Sector-16, 1 - Block-I, Pkt-7, Rohini Sector-16, 2 - Block-I, Pkt-8 , Rohini Sector-16, 3 - Block-I, Pkt-9, Sector-16 Rohini],,,,,,,,,,,,,,,,,,,,,,,,,,,,,,,,,,,,,,,,,,,,,,,,,,,,,,,,,,,,,,,,,,,,,,,,,,,,,,,,,
37,38, Rohini Sector-16, 1 - H-Block, Pkt-1, Rohini Sector-16],,,,,,,,,,,,,,,,,,,,,,,,,,,,,,,,,,,,,,,,,,,,,,,,,,,,,,,,,,,,,,,,,,,,,,,,,,,,,,,,,,,,,,,
38,39, Rohini Sector-16, 1 - H-Block, Pkt-2, Rohini Sector-16],,,,,,,,,,,,,,,,,,,,,,,,,,,,,,,,,,,,,,,,,,,,,,,,,,,,,,,,,,,,,,,,,,,,,,,,,,,,,,,,,,,,,,,
39,40, Rohini Sector-16, 1 - H-Block, Pkt-3, Rohini Sector-16],,,,,,,,,,,,,,,,,,,,,,,,,,,,,,,,,,,,,,,,,,,,,,,,,,,,,,,,,,,,,,,,,,,,,,,,,,,,,,,,,,,,,,,
40,41, Rohini Sector-16, 1 - H-Block, Pkt-4, Rohini Sector-16, 2 - H-Block, Pkt-5, Rohini Sector-16],,,,,,,,,,,,,,,,,,,,,,,,,,,,,,,,,,,,,,,,,,,,,,,,,,,,,,,,,,,,,,,,,,,,,,,,,,,,,,,,,,,,
41,42, Rohini Sector-16, 1 - D-Block, Pkt-1, Rohini Sector-16, 2 - D-Block, Pkt-3, Rohini Sector-16],,,,,,,,,,,,,,,,,,,,,,,,,,,,,,,,,,,,,,,,,,,,,,,,,,,,,,,,,,,,,,,,,,,,,,,,,,,,,,,,,,,,
42,43, Rohini Sector-16, 1 - B-Block, Pkt-1, Rohini Sector-16, 2 - B-Block, Pkt-2 , Rohini Sector-16],,,,,,,,,,,,,,,,,,,,,,,,,,,,,,,,,,,,,,,,,,,,,,,,,,,,,,,,,,,,,,,,,,,,,,,,,,,,,,,,,,,,
43,44, Rohini Sector-16, 1 - B-Block, Pkt-3 , Rohini Sector-16],,,,,,,,,,,,,,,,,,,,,,,,,,,,,,,,,,,,,,,,,,,,,,,,,,,,,,,,,,,,,,,,,,,,,,,,,,,,,,,,,,,,,,,
44,45, Rohini Sector-16, 1 - Block-C, Pkt-1, Rohini Sector-16],,,,,,,,,,,,,,,,,,,,,,,,,,,,,,,,,,,,,,,,,,,,,,,,,,,,,,,,,,,,,,,,,,,,,,,,,,,,,,,,,,,,,,,
45,46, Rohini Sector-16, 1 - Block-C, Pkt-2, Rohini Sector-16],,,,,,,,,,,,,,,,,,,,,,,,,,,,,,,,,,,,,,,,,,,,,,,,,,,,,,,,,,,,,,,,,,,,,,,,,,,,,,,,,,,,,,,
46,47, Rohini Sector-16, 1 - Block A, Pocket-8, Rohini Sector-16],,,,,,,,,,,,,,,,,,,,,,,,,,,,,,,,,,,,,,,,,,,,,,,,,,,,,,,,,,,,,,,,,,,,,,,,,,,,,,,,,,,,,,,
47,48, Rohini Sector-16, 1 - Block-A, Pkt-1, Rohini Sector-16, 2 - Block-A, Pkt-2 , Rohini Sector-16],,,,,,,,,,,,,,,,,,,,,,,,,,,,,,,,,,,,,,,,,,,,,,,,,,,,,,,,,,,,,,,,,,,,,,,,,,,,,,,,,,,,
48,49, Rohini Sector-16, 1 - Block-A, Pkt-3 , Rohini Sector-16, 2 - Block-A, Pkt-4, Rohini Sector-16],,,,,,,,,,,,,,,,,,,,,,,,,,,,,,,,,,,,,,,,,,,,,,,,,,,,,,,,,,,,,,,,,,,,,,,,,,,,,,,,,,,,
49,50, Rohini Sector-16, 1 - Block-A, Pkt-5, Rohini Sector-16, 2 - Block-A, Pkt-6, Rohini Sector-16, 3 - Block-A, Pkt-7, Rohini Sector-16],,,,,,,,,,,,,,,,,,,,,,,,,,,,,,,,,,,,,,,,,,,,,,,,,,,,,,,,,,,,,,,,,,,,,,,,,,,,,,,,,
50,51, Rohini Sec 11, 1 - Block-A, Pkt-1, Sector-11 Rohini, 2 - Block-A, Pkt-2, Sector-11 Rohini, 3 - Block-A, Pkt-3, Sector-11 Rohini, 4 - Kg Mandir, Pkt A-3, Sec-11, Rohini],,,,,,,,,,,,,,,,,,,,,,,,,,,,,,,,,,,,,,,,,,,,,,,,,,,,,,,,,,,,,,,,,,,,,,,,,,,,,
51,52, Rohini Sec 11, 1 - Block-B, Pkt-1, Sector-11 Rohini, 2 - Block-B, Pkt-2, Sector-11 Rohini, 3 - Block-B, Pkt-3, Sector-11 Rohini],,,,,,,,,,,,,,,,,,,,,,,,,,,,,,,,,,,,,,,,,,,,,,,,,,,,,,,,,,,,,,,,,,,,,,,,,,,,,,,,,
52,53, Rohini Sec 11, 1 - Block-B, Pkt-4, Sector-11 Rohini, 2 - Block-B, Pkt-5, Sector-11 Rohini],,,,,,,,,,,,,,,,,,,,,,,,,,,,,,,,,,,,,,,,,,,,,,,,,,,,,,,,,,,,,,,,,,,,,,,,,,,,,,,,,,,,
53,54, Rohini Sec 11, 1 - Block-B, Pkt-6, Sector-11 Rohini, 2 - Block-B, Pkt-7 , Sector-11 Rohini, 3 - Block-B, Pkt-8, Sector-11 Rohini],,,,,,,,,,,,,,,,,,,,,,,,,,,,,,,,,,,,,,,,,,,,,,,,,,,,,,,,,,,,,,,,,,,,,,,,,,,,,,,,,
54,55, Rohini Sec 11, 1 - Block-C, Pkt-1, Sector-11 Rohini, 2 - Block-C, Pkt-2, Sector-11 Rohini],,,,,,,,,,,,,,,,,,,,,,,,,,,,,,,,,,,,,,,,,,,,,,,,,,,,,,,,,,,,,,,,,,,,,,,,,,,,,,,,,,,,
55,56, Rohini Sec 11, 1 - Block-C, Pkt-3, Sector-11 Rohini, 2 - Block-C, Pkt-4, Sector-11 Rohini, 3 - Block-C, Pkt-5 , Sector-11 Rohini],,,,,,,,,,,,,,,,,,,,,,,,,,,,,,,,,,,,,,,,,,,,,,,,,,,,,,,,,,,,,,,,,,,,,,,,,,,,,,,,,
56,57, Rohini Sec 11, 1 - Block-D, Pkt-1, Sector-11 Rohini],,,,,,,,,,,,,,,,,,,,,,,,,,,,,,,,,,,,,,,,,,,,,,,,,,,,,,,,,,,,,,,,,,,,,,,,,,,,,,,,,,,,,,,
57,58, Rohini Sec 11, 1 - Block-D, Pkt-2 , Sector-11 Rohini, 2 - Block-D, Pkt-3 , Sector-11 Rohini, 3 - D I U Police Post, Sector-11 Near D-2 Market, Rohini],,,,,,,,,,,,,,,,,,,,,,,,,,,,,,,,,,,,,,,,,,,,,,,,,,,,,,,,,,,,,,,,,,,,,,,,,,,,,,,,,
58,59, Rohini Sec 11, 1 - Block-E, Pkt-1, Sector-11 Rohini],,,,,,,,,,,,,,,,,,,,,,,,,,,,,,,,,,,,,,,,,,,,,,,,,,,,,,,,,,,,,,,,,,,,,,,,,,,,,,,,,,,,,,,
59,60, Rohini Sec 11, 1 - Block-E, Pkt-2, Sector-11 Rohini, 2 - Block-E, Pkt-3 , Sector-11 Rohini, 3 - Block-E, Pkt-4, Sector-11 Rohini],,,,,,,,,,,,,,,,,,,,,,,,,,,,,,,,,,,,,,,,,,,,,,,,,,,,,,,,,,,,,,,,,,,,,,,,,,,,,,,,,
60,61, Rohini Sec 11, 1 - Block-F, Pkt-1 , Sector-11 Rohini],,,,,,,,,,,,,,,,,,,,,,,,,,,,,,,,,,,,,,,,,,,,,,,,,,,,,,,,,,,,,,,,,,,,,,,,,,,,,,,,,,,,,,,
61,62, Rohini Sec 11, 1 - Block-F, Pkt-2 , Sector-11 Rohini, 2 - Block-F, Pkt-3 , Sector-11 Rohini],,,,,,,,,,,,,,,,,,,,,,,,,,,,,,,,,,,,,,,,,,,,,,,,,,,,,,,,,,,,,,,,,,,,,,,,,,,,,,,,,,,,
62,63, Rohini Sec 11, 1 - Block-G, Pkt-1, Sector-11 Rohini, 2 - Block-G, Pkt-2, Sector-11 Rohini, 3 - Block-G , Pkt-3 , Sector-11 Rohini],,,,,,,,,,,,,,,,,,,,,,,,,,,,,,,,,,,,,,,,,,,,,,,,,,,,,,,,,,,,,,,,,,,,,,,,,,,,,,,,,
63,64, Rohini Sec 11, 1 - Block-G, Pkt-4, Sector-11 Rohini, 2 - Block-G, Pkt-5, Sector-11 Rohini],,,,,,,,,,,,,,,,,,,,,,,,,,,,,,,,,,,,,,,,,,,,,,,,,,,,,,,,,,,,,,,,,,,,,,,,,,,,,,,,,,,,
64,65, Rohini Sec 11, 1 - Block-G, Pkt-6, Sector-11 Rohini, 2 - Block-G, Pkt-7, Sector-11 Rohini, 3 - Block-G, Pkt-8, Sector-11 Rohini],,,,,,,,,,,,,,,,,,,,,,,,,,,,,,,,,,,,,,,,,,,,,,,,,,,,,,,,,,,,,,,,,,,,,,,,,,,,,,,,,
65,66, Rohini Sec 11, 1 - Block-H, Pkt-1, Sector-11 Rohini, 2 - Block-H, Pkt-2, Sector-11 Rohini],,,,,,,,,,,,,,,,,,,,,,,,,,,,,,,,,,,,,,,,,,,,,,,,,,,,,,,,,,,,,,,,,,,,,,,,,,,,,,,,,,,,
66,67, Rohini Sec 11, 1 - Block-H, Pkt-3, Sector-11 Rohini, 2 - Block-H, Pkt-4 , Sector-11 Rohini, 3 - Block-H, Pkt-5, Sector-11 Rohini],,,,,,,,,,,,,,,,,,,,,,,,,,,,,,,,,,,,,,,,,,,,,,,,,,,,,,,,,,,,,,,,,,,,,,,,,,,,,,,,,
67,68, Rohini Sec 11, 1 - Golden Jublee Flats(S.F.S), Sector-11 Rohini],,,,,,,,,,,,,,,,,,,,,,,,,,,,,,,,,,,,,,,,,,,,,,,,,,,,,,,,,,,,,,,,,,,,,,,,,,,,,,,,,,,,,,,,
68,69, Rohini Sec 11, 1 - Damb Apptt., Sector-11 Rohini, 2 - Delhi Govt Flats, Sector-11 Rohini, 3 - Ndmc Flats, Sector-11 Rohini, 4 - N D P L Complex, Sector-11 Rohini],,,,,,,,,,,,,,,,,,,,,,,,,,,,,,,,,,,,,,,,,,,,,,,,,,,,,,,,,,,,,,,,,,,,,,,,,,,,,,,,,,
69,70, Rithala Village, 1 - Devi Mandir, Rithala Village, 2 - Mansjid Wali Gali, Rithala Village, 3 - Papochiya Patti , Rithala Village],,,,,,,,,,,,,,,,,,,,,,,,,,,,,,,,,,,,,,,,,,,,,,,,,,,,,,,,,,,,,,,,,,,,,,,,,,,,,,,,,,,,
70,71, Rithala Village, 1 - Dispensery Gali M C D, Rithala Village, 2 - Near Ram Place, Rithala Village, 3 - Near Chawal Mill, Rithala Vill],,,,,,,,,,,,,,,,,,,,,,,,,,,,,,,,,,,,,,,,,,,,,,,,,,,,,,,,,,,,,,,,,,,,,,,,,,,,,,,,,,,,
71,72, Rithala Village, 1 - Post Office Wali Gali, Rithala Village, 2 - Parjapati Wali Gali, Rithala Village],,,,,,,,,,,,,,,,,,,,,,,,,,,,,,,,,,,,,,,,,,,,,,,,,,,,,,,,,,,,,,,,,,,,,,,,,,,,,,,,,,,,,,
72,73, Rithala Village, 1 - Pal Colony, Rithala Village],,,,,,,,,,,,,,,,,,,,,,,,,,,,,,,,,,,,,,,,,,,,,,,,,,,,,,,,,,,,,,,,,,,,,,,,,,,,,,,,,,,,,,,,
73,74, Rithala Village, 1 - Bank Wali Gali, Rithala Village, 2 - Old Bank Wali Gali, Rithala Village],,,,,,,,,,,,,,,,,,,,,,,,,,,,,,,,,,,,,,,,,,,,,,,,,,,,,,,,,,,,,,,,,,,,,,,,,,,,,,,,,,,,,,
74,75, Rithala Village, 1 - Harizan Basti Near Emarte Mander, Rithala Village, 2 - Jatton Wali Gali, Rithala Village, 3 - Kallu Dairy, Rithala Village],,,,,,,,,,,,,,,,,,,,,,,,,,,,,,,,,,,,,,,,,,,,,,,,,,,,,,,,,,,,,,,,,,,,,,,,,,,,,,,,,,,,
75,76, Rithala Village, 1 - Nidhi Colony, Rithala Village, 2 - Near Purani Chopal, Rithala Village],,,,,,,,,,,,,,,,,,,,,,,,,,,,,,,,,,,,,,,,,,,,,,,,,,,,,,,,,,,,,,,,,,,,,,,,,,,,,,,,,,,,,,
76,77, Rithala Village, 1 - Harijan Basti , Rithala Village],,,,,,,,,,,,,,,,,,,,,,,,,,,,,,,,,,,,,,,,,,,,,,,,,,,,,,,,,,,,,,,,,,,,,,,,,,,,,,,,,,,,,,,,
77,78, Sector-6 Rohini, 1 - Block-A, Pkt-1, Rohini Sec-6],,,,,,,,,,,,,,,,,,,,,,,,,,,,,,,,,,,,,,,,,,,,,,,,,,,,,,,,,,,,,,,,,,,,,,,,,,,,,,,,,,,,,,,
78,79, Sector-6 Rohini, 1 - Block-A-1, Sector-6, Rohini],,,,,,,,,,,,,,,,,,,,,,,,,,,,,,,,,,,,,,,,,,,,,,,,,,,,,,,,,,,,,,,,,,,,,,,,,,,,,,,,,,,,,,,
79,80, Sector-6 Rohini, 1 - Block-D-6, Rohini Sec-6],,,,,,,,,,,,,,,,,,,,,,,,,,,,,,,,,,,,,,,,,,,,,,,,,,,,,,,,,,,,,,,,,,,,,,,,,,,,,,,,,,,,,,,,
80,81, Sector-6 Rohini, 1 - Block-B, Pkt-2, Rohini Sec-6],,,,,,,,,,,,,,,,,,,,,,,,,,,,,,,,,,,,,,,,,,,,,,,,,,,,,,,,,,,,,,,,,,,,,,,,,,,,,,,,,,,,,,,
81,82, Sector-6 Rohini, 1 - Staff Qtrs, Bsa Hospital Sec-6 , Rohini],,,,,,,,,,,,,,,,,,,,,,,,,,,,,,,,,,,,,,,,,,,,,,,,,,,,,,,,,,,,,,,,,,,,,,,,,,,,,,,,,,,,,,,
82,83, Sector-6 Rohini, 1 - Block-B, Pkt-3, Rohini Sec-6],,,,,,,,,,,,,,,,,,,,,,,,,,,,,,,,,,,,,,,,,,,,,,,,,,,,,,,,,,,,,,,,,,,,,,,,,,,,,,,,,,,,,,,
83,84, Sector-6 Rohini, 1 - Block-D, Pkt-7, Rohini Sec-6],,,,,,,,,,,,,,,,,,,,,,,,,,,,,,,,,,,,,,,,,,,,,,,,,,,,,,,,,,,,,,,,,,,,,,,,,,,,,,,,,,,,,,,
84,85, Sector-6 Rohini, 1 - Block-D, Pkt-8, Rohini Sec-6],,,,,,,,,,,,,,,,,,,,,,,,,,,,,,,,,,,,,,,,,,,,,,,,,,,,,,,,,,,,,,,,,,,,,,,,,,,,,,,,,,,,,,,
85,86, Sector-6 Rohini, 1 - Block C, Pkt-4, Rohini Sec-6],,,,,,,,,,,,,,,,,,,,,,,,,,,,,,,,,,,,,,,,,,,,,,,,,,,,,,,,,,,,,,,,,,,,,,,,,,,,,,,,,,,,,,,
86,87, Sector-6 Rohini, 1 - Block-C, Pkt-5, Rohini Sec-6],,,,,,,,,,,,,,,,,,,,,,,,,,,,,,,,,,,,,,,,,,,,,,,,,,,,,,,,,,,,,,,,,,,,,,,,,,,,,,,,,,,,,,,
87,88, Sector-6 Rohini, 1 - D-Block, Pkt-6, Rohini Sec-6],,,,,,,,,,,,,,,,,,,,,,,,,,,,,,,,,,,,,,,,,,,,,,,,,,,,,,,,,,,,,,,,,,,,,,,,,,,,,,,,,,,,,,,
88,89, Rohini Sec-5, 1 - Block-C, Pkt-1, Rohini Sec-5, 2 - Block-C, Pkt-2, Rohini Sec-5, 3 - Fire Station Staff Quarter, Sec-5 Rohini],,,,,,,,,,,,,,,,,,,,,,,,,,,,,,,,,,,,,,,,,,,,,,,,,,,,,,,,,,,,,,,,,,,,,,,,,,,,,,,,,,
89,90, Rohini Sec-5, 1 - Block-C, Pkt-3, Rohini Sec-5, 2 - Block-C, Pkt-4, Rohini Sec-5],,,,,,,,,,,,,,,,,,,,,,,,,,,,,,,,,,,,,,,,,,,,,,,,,,,,,,,,,,,,,,,,,,,,,,,,,,,,,,,,,,,,
90,91, Rohini Sec-5, 1 - Block-C, Pkt-7, Rohini Sec-5, 2 - Block-C, Pkt-8, Rohini Sec-5],,,,,,,,,,,,,,,,,,,,,,,,,,,,,,,,,,,,,,,,,,,,,,,,,,,,,,,,,,,,,,,,,,,,,,,,,,,,,,,,,,,,
91,92, Rohini Sec-5, 1 - Block-C, Pkt-9, Rohini Sec-5, 2 - Block-C, Pkt-10, Rohini Sec-5, 3 - Rajeev Enclave, Pkt 11 Sec 5 , Rohini],,,,,,,,,,,,,,,,,,,,,,,,,,,,,,,,,,,,,,,,,,,,,,,,,,,,,,,,,,,,,,,,,,,,,,,,,,,,,,,,,
92,93, Rohini Sec-5, 1 - A-Block , Pkt-1, Rohini Sec-5, 2 - A-Block, Pkt-2, Rohini Sec-5],,,,,,,,,,,,,,,,,,,,,,,,,,,,,,,,,,,,,,,,,,,,,,,,,,,,,,,,,,,,,,,,,,,,,,,,,,,,,,,,,,,,
93,94, Rohini Sec-5, 1 - A- Block, Pkt-3, Rohini Sec-5, 2 - Nicfs, Residential Complex , Rohini Sec-5, 3 - Brail Bhawan, Rohini Sec-5],,,,,,,,,,,,,,,,,,,,,,,,,,,,,,,,,,,,,,,,,,,,,,,,,,,,,,,,,,,,,,,,,,,,,,,,,,,,,,,,,,
94,95, Rohini Sec-5, 1 - Block-C, Pkt-5, Rohini Sec-5, 2 - Block-C, Pkt-6 , Rohini Sec-5],,,,,,,,,,,,,,,,,,,,,,,,,,,,,,,,,,,,,,,,,,,,,,,,,,,,,,,,,,,,,,,,,,,,,,,,,,,,,,,,,,,,
95,96, Rohini Sec-5, 1 - Block-C, Pkt-11, Rohini Sec 5, 2 - Block-C, Pkt-12, Rohini Sec 5],,,,,,,,,,,,,,,,,,,,,,,,,,,,,,,,,,,,,,,,,,,,,,,,,,,,,,,,,,,,,,,,,,,,,,,,,,,,,,,,,,,,
96,97, Rohini Sec-5, 1 - Block-B, Pkt-5, Rohini Sec-5],,,,,,,,,,,,,,,,,,,,,,,,,,,,,,,,,,,,,,,,,,,,,,,,,,,,,,,,,,,,,,,,,,,,,,,,,,,,,,,,,,,,,,,
97,98, Rohini Sec-5, 1 - Block-B, Pkt-5, Rohini Sec-5],,,,,,,,,,,,,,,,,,,,,,,,,,,,,,,,,,,,,,,,,,,,,,,,,,,,,,,,,,,,,,,,,,,,,,,,,,,,,,,,,,,,,,,
98,99, Rohini Sec-5, 1 - Block-B, Pkt6, Rohini Sec-5],,,,,,,,,,,,,,,,,,,,,,,,,,,,,,,,,,,,,,,,,,,,,,,,,,,,,,,,,,,,,,,,,,,,,,,,,,,,,,,,,,,,,,,
99,100, Rohini Sec-5, 1 - Block-B, Pkt-7, Rohini Sec-5],,,,,,,,,,,,,,,,,,,,,,,,,,,,,,,,,,,,,,,,,,,,,,,,,,,,,,,,,,,,,,,,,,,,,,,,,,,,,,,,,,,,,,,
100,101, Rohini Sec-5, 1 - Block-B, Pkt-8, Rohini Sec-5],,,,,,,,,,,,,,,,,,,,,,,,,,,,,,,,,,,,,,,,,,,,,,,,,,,,,,,,,,,,,,,,,,,,,,,,,,,,,,,,,,,,,,,
101,102, Rohini Sec-5, 1 - Block-B, Pkt-9, Rohini Sec-5, 2 - Varun Kunj Delhi Jal Board, Rohini Sec-5],,,,,,,,,,,,,,,,,,,,,,,,,,,,,,,,,,,,,,,,,,,,,,,,,,,,,,,,,,,,,,,,,,,,,,,,,,,,,,,,,,,,,
102,103, Rohini Sec-5, 1 - Block-B, Pkt-9, Sector - 5, Rohini],,,,,,,,,,,,,,,,,,,,,,,,,,,,,,,,,,,,,,,,,,,,,,,,,,,,,,,,,,,,,,,,,,,,,,,,,,,,,,,,,,,,,,
103,104, Budh Vihar, 1 - A Block, Beer Singh Colony, Budh Vihar Ph-II],,,,,,,,,,,,,,,,,,,,,,,,,,,,,,,,,,,,,,,,,,,,,,,,,,,,,,,,,,,,,,,,,,,,,,,,,,,,,,,,,,,,,,,
104,105, Budh Vihar, 1 - B Block, Beer Singh Colony , Budh Vihar Ph-II, 2 - J-1 Block, Chandu Lal Colony , Budh Vihar Ph-II],,,,,,,,,,,,,,,,,,,,,,,,,,,,,,,,,,,,,,,,,,,,,,,,,,,,,,,,,,,,,,,,,,,,,,,,,,,,,,,,,,,,
105,106, Budh Vihar, 1 - B Block, Sharma Colony , Budh Vihar Ph-II, 2 - C Block, Sharma Colony, Budh Vihar Ph-II, 3 - D Block, Sharma Colony , Budh Vihar Ph-II, 4 - E Block, Sharma Colony , Budh Vihar Ph-II, 5 - F Block, Sharma Colony , Budh Vihar Ph-II, 6 - G Block, Sharma Colony, Budh Vihar Ph-II, 7 - H Block, Sharma Colony , Budh Vihar Ph-II, 8 - I Block, Sharma Colony , Budh Vihar Ph-II],,,,,,,,,,,,,,,,,,,,,,,,,,,,,,,,,,,,,,,,,,,,,,,,,,,,,,,,,,,,,,,,,,
106,107, Budh Vihar, 1 - J Block, Sharma Colony, Budh Vihar Ph-II, 2 - K Block, Sharma Colony , Budh Vihar Ph-II, 3 - L Block, Sharma Colony, Budh Vihar Ph-II, 4 - M Block, Sharma Colony , Budh Vihar Ph-II, 5 - N Block, Sharma Colony , Budh Vihar Ph-II, 6 - O Block, Sharma Colony , Budh Vihar Ph-II, 7 - A Block, Sharma Colony , Budh Vihar Ph-II],,,,,,,,,,,,,,,,,,,,,,,,,,,,,,,,,,,,,,,,,,,,,,,,,,,,,,,,,,,,,,,,,,,,,
107,108, Budh Vihar, 1 - Block P, Sharma Colony , Budh Vihar Ph-II, 2 - Block Q, Sharma Colony, Budh Vihar Ph-II],,,,,,,,,,,,,,,,,,,,,,,,,,,,,,,,,,,,,,,,,,,,,,,,,,,,,,,,,,,,,,,,,,,,,,,,,,,,,,,,,,,,
108,109, Budh Vihar, 1 - Block R, Sharma Colony, Budh Vihar Ph-II, 2 - Block S, Sharma Colony, Budh Vihar Ph-II],,,,,,,,,,,,,,,,,,,,,,,,,,,,,,,,,,,,,,,,,,,,,,,,,,,,,,,,,,,,,,,,,,,,,,,,,,,,,,,,,,,,
109,110, Budh Vihar, 1 - Block S1, Sharma Colony , Budh Vihar Ph-II, 2 - Block T, Sharma Colony, Budh Vihar Ph-II, 3 - Block U, Sharma Colony , Budh Vihar Ph-II, 4 - Block V, Sharma Colony, Budh Vihar Ph-II, 5 - Block X, Sharma Colony, Budh Vihar Ph-II, 6 - Block Y, Sharma Colony, Budh Vihar Ph-II],,,,,,,,,,,,,,,,,,,,,,,,,,,,,,,,,,,,,,,,,,,,,,,,,,,,,,,,,,,,,,,,,,,,,,,,
110,111, Budh Vihar, 1 - Sharma Colony, Block A-1, Budh Vihar Ph-II, 2 - Sharma Colony, Block B-1 , Budh Vihar Ph-II],,,,,,,,,,,,,,,,,,,,,,,,,,,,,,,,,,,,,,,,,,,,,,,,,,,,,,,,,,,,,,,,,,,,,,,,,,,,,,,,,,,,
111,112, Budh Vihar, 1 - Sharma Colony, Block C-1, Budh Vihar Ph-II, 2 - Sharma Colony, Block D-1, Budh Vihar Ph-II, 3 - Sharma Colony, Block E-1, Budh Vihar Ph-II, 4 - Sharma Colony, Block F-1, Budh Vihar Ph-II, 5 - Sharma Colony, Block G-1, Budh Vihar Ph-II, 6 - Sharma Colony, Block H-1, Budh Vihar Ph-II],,,,,,,,,,,,,,,,,,,,,,,,,,,,,,,,,,,,,,,,,,,,,,,,,,,,,,,,,,,,,,,,,,,,,,,,
112,113, Budh Vihar, 1 - Shyam Colony, Near Ashram Wali Gali, Budh Vihar Ph-II],,,,,,,,,,,,,,,,,,,,,,,,,,,,,,,,,,,,,,,,,,,,,,,,,,,,,,,,,,,,,,,,,,,,,,,,,,,,,,,,,,,,,,,
113,114, Budh Vihar, 1 - A-Block, Shyam Colony, Near Asharam Wali Gali, Budh Vihar Ph-II, 2 - Block-E, Shyam Colony, Budh Vihar, Ph-I, Budh Vihar],,,,,,,,,,,,,,,,,,,,,,,,,,,,,,,,,,,,,,,,,,,,,,,,,,,,,,,,,,,,,,,,,,,,,,,,,,,,,,,,,
114,115, Budh Vihar, 1 - A-Block, Shyam Colony, Near Shiv Mandir, Budh Vihar Ph-II],,,,,,,,,,,,,,,,,,,,,,,,,,,,,,,,,,,,,,,,,,,,,,,,,,,,,,,,,,,,,,,,,,,,,,,,,,,,,,,,,,,,,,
115,116, Budh Vihar, 1 - A-Block, Shyam Colony, Near Ndpl, Transformar No.2 Budh Vihar Ph-II],,,,,,,,,,,,,,,,,,,,,,,,,,,,,,,,,,,,,,,,,,,,,,,,,,,,,,,,,,,,,,,,,,,,,,,,,,,,,,,,,,,,,,
116,117, Budh Vihar, 1 - A-Block, Shyam Colony, Near Shiv Mander, Budh Vihar Ph-II],,,,,,,,,,,,,,,,,,,,,,,,,,,,,,,,,,,,,,,,,,,,,,,,,,,,,,,,,,,,,,,,,,,,,,,,,,,,,,,,,,,,,,
117,118, Budh Vihar, 1 - A-Block, Shyam Colony, Near Sant Max School, Budh Vihar Ph-II],,,,,,,,,,,,,,,,,,,,,,,,,,,,,,,,,,,,,,,,,,,,,,,,,,,,,,,,,,,,,,,,,,,,,,,,,,,,,,,,,,,,,,
118,119, Budh Vihar, 1 - Shyam Colony, Near Krishana Mander, Budh Vihar Ph-II],,,,,,,,,,,,,,,,,,,,,,,,,,,,,,,,,,,,,,,,,,,,,,,,,,,,,,,,,,,,,,,,,,,,,,,,,,,,,,,,,,,,,,,
119,120, Budh Vihar, 1 - Shyam Colony, Near Krishna Mandir, Budh Vihar Ph-II],,,,,,,,,,,,,,,,,,,,,,,,,,,,,,,,,,,,,,,,,,,,,,,,,,,,,,,,,,,,,,,,,,,,,,,,,,,,,,,,,,,,,,,
120,121, Budh Vihar, 1 - Block E, Kallu Colony, Near Transformar No.1, Budh Vihar Ph-II, 2 - Block B, Shyam Colony, Budh Vihar Ph-II, 3 - A-Block, Kallu Colony, Budh Vihar Ph-II, 4 - B-Block, Kallu Colony , Budh Vihar Ph-II, 5 - D-Block, Kallu Colony, Budh Vihar Ph-II, 6 - C-Block , Shyam Colony, Budh Vihar Ph-II, 7 - D-Block, Shyam Colony, Budh Vihar Ph-II],,,,,,,,,,,,,,,,,,,,,,,,,,,,,,,,,,,,,,,,,,,,,,,,,,,,,,,,,,,,,,,,,,,,
121,122, Budh Vihar, 1 - A-Block, Ved And Shiv Colony, Near Citizen, Public School Budh Vihar Ph-II, 2 - B-Block, Ved And Shiv Colony, Budh Vihar Ph-II, 3 - Shyam Colony, Opp. B1 Shyam Colony, Budh Vihar Ph-II, 4 - Chandu Lal Colony, Budh Vihar Ph-II],,,,,,,,,,,,,,,,,,,,,,,,,,,,,,,,,,,,,,,,,,,,,,,,,,,,,,,,,,,,,,,,,,,,,,,,,,,,,,
122,123, Budh Vihar, 1 - Block A-1, Jaswant Colony, Near Krishana Mandir, Budh Vihar Ph-II, 2 - Block A, Budh Vihar Ph-I, 3 - Block C, Mange Ram Park Extn., Near Meera Devi School, Budh Vihar Ph-II],,,,,,,,,,,,,,,,,,,,,,,,,,,,,,,,,,,,,,,,,,,,,,,,,,,,,,,,,,,,,,,,,,,,,,,,,,,,,,,,
123,124, Budh Vihar, 1 - Mange Ram Park Extn., Budh Vihar Ph-II, 2 - Block A1, Mange Ram Park Extn., Budh Vihar Ph-II, 3 - Block A, Mange Ram Park Extn., Budh Vihar Ph-II],,,,,,,,,,,,,,,,,,,,,,,,,,,,,,,,,,,,,,,,,,,,,,,,,,,,,,,,,,,,,,,,,,,,,,,,,,,,,,,,,,
124,125, Budh Vihar, 1 - Block A, Harsh Dev Park, Mangal Bajar Road, Budh Vihar Ph-II, 2 - Block A, Jaswant Colony , Budh Vihar Ph-II, 3 - Block A1, Harsh Dev Park, Back Side Fso Office, Budh Vihar Ph-II],,,,,,,,,,,,,,,,,,,,,,,,,,,,,,,,,,,,,,,,,,,,,,,,,,,,,,,,,,,,,,,,,,,,,,,,,,,,,,,
125,126, Budh Vihar, 1 - Block B, Harsh Dev Park, Budh Vihar Ph-II, 2 - Block C , Harsh Dev Park , Opp. Prince Public School, Budh Vihar Ph-II],,,,,,,,,,,,,,,,,,,,,,,,,,,,,,,,,,,,,,,,,,,,,,,,,,,,,,,,,,,,,,,,,,,,,,,,,,,,,,,,,,,
126,127, Budh Vihar, 1 - Harsh Dev Park, Block D-1, Budh Vihar Ph-II, 2 - Mange Ram Park Extn., Block D-1 , Budh Vihar Ph-II, 3 - Mange Ram Park , Block C, Budh Vihar Ph-II, 4 - Harsh Dev Park, Block C-1, Budh Vihar Ph-II, 5 - Harsh Dev Park, Block-D, Budh Vihar Ph-II],,,,,,,,,,,,,,,,,,,,,,,,,,,,,,,,,,,,,,,,,,,,,,,,,,,,,,,,,,,,,,,,,,,,,,,,,,,
127,128, Budh Vihar, 1 - Block-C, Budh Vihar Ph-2, 2 - Block-D, Budh Vihar Ph-2, 3 - Block-C, Jaswant Colony, Budh Vihar Ph-2, 4 - Block C-1, Jaswant Colony, Budh Vihar Ph-2, 5 - Block-D, Jaswant Colony, Budh Vihar Ph-2],,,,,,,,,,,,,,,,,,,,,,,,,,,,,,,,,,,,,,,,,,,,,,,,,,,,,,,,,,,,,,,,,,,,,,,,,,,,,
128,129, Budh Vihar, 1 - Block-A, Budh Vihar Ph-2],,,,,,,,,,,,,,,,,,,,,,,,,,,,,,,,,,,,,,,,,,,,,,,,,,,,,,,,,,,,,,,,,,,,,,,,,,,,,,,,,,,,,,,,
129,130, Budh Vihar, 1 - Block B, Jaswant Colony, Budh Vihar Ph-II, 2 - Block C1, Mange Ram Park Extn., Budh Vihar Ph-II, 3 - Block D, Mange Ram Park Extn., Budh Vihar Ph-II],,,,,,,,,,,,,,,,,,,,,,,,,,,,,,,,,,,,,,,,,,,,,,,,,,,,,,,,,,,,,,,,,,,,,,,,,,,,,,,,,
130,131, Budh Vihar, 1 - Block-B, Budh Vihar Ph-1, Mange Ram Park],,,,,,,,,,,,,,,,,,,,,,,,,,,,,,,,,,,,,,,,,,,,,,,,,,,,,,,,,,,,,,,,,,,,,,,,,,,,,,,,,,,,,,,
131,132, Budh Vihar, 1 - Block-A, Budh Vihar Ph-I, Manga Ram Park],,,,,,,,,,,,,,,,,,,,,,,,,,,,,,,,,,,,,,,,,,,,,,,,,,,,,,,,,,,,,,,,,,,,,,,,,,,,,,,,,,,,,,,
132,133, Budh Vihar, 1 - Block-C, Budh Vihar Ph-I, Mange Ram Park, 2 - Block-D, Budh Vihar Ph-I, Mange Ram Park, 3 - Block A-2, Budh Vihar Ph-I, Mange Ram Park, 4 - Block-S, Budh Vihar Ph-I, Mange Ram Park],,,,,,,,,,,,,,,,,,,,,,,,,,,,,,,,,,,,,,,,,,,,,,,,,,,,,,,,,,,,,,,,,,,,,,,,,,,,,,
133,134, Budh Vihar, 1 - Block A , Mange Ram Park, Budh Vihar Ph-I],,,,,,,,,,,,,,,,,,,,,,,,,,,,,,,,,,,,,,,,,,,,,,,,,,,,,,,,,,,,,,,,,,,,,,,,,,,,,,,,,,,,,,,
134,135, Budh Vihar, 1 - Block B, Mange Ram Park, Budh Vihar Ph-I, 2 - Block E, Mange Ram Park, Budh Vihar Ph-I, 3 - Block F, Mange Ram Park, Budh Vihar Ph-I, 4 - Near Sangwan Public School, Mange Ram Park, Budh Vihar Ph-I, 5 - Block G, Mange Ram Park, Budh Vihar Ph-I],,,,,,,,,,,,,,,,,,,,,,,,,,,,,,,,,,,,,,,,,,,,,,,,,,,,,,,,,,,,,,,,,,,,,,,,,,,
135,136, Budh Vihar, 1 - Block-B, Budh Vihar Ph-2],,,,,,,,,,,,,,,,,,,,,,,,,,,,,,,,,,,,,,,,,,,,,,,,,,,,,,,,,,,,,,,,,,,,,,,,,,,,,,,,,,,,,,,,
136,137, Budh Vihar, 1 - Block A, Near Hanuman Mander, Budh Vihar Phase-I, 2 - Block B, Budh Vihar Phase-I, 3 - Block-C, Budh Vihar Phase-I, 4 - Block D, Budh Vihar Phase-I, 5 - Block E , Budh Vihar Phase-I, 6 - Block F , Budh Vihar Phase-I, 7 - Block G, Budh Vihar Phase-I, ],,,,,,,,,,,,,,,,,,,,,,,,,,,,,,,,,,,,,,,,,,,,,,,,,,,,,,,,,,,,,,,,,,,,,,,,,,
137,138, Budh Vihar, 1 - Block-G, Budh Vihar Ph-I, 2 - Block-H, Budh Vihar Ph-I, 3 - Block-I, Budh Vihar Ph-I, 4 - Block-J, Budh Vihar Ph-I, 5 - Block-K, Budh Vihar Ph-I, 6 - Block-L , Budh Vihar Ph-I],,,,,,,,,,,,,,,,,,,,,,,,,,,,,,,,,,,,,,,,,,,,,,,,,,,,,,,,,,,,,,,,,,,,,,,,,,,,,,
138,139, Budh Vihar, 1 - Block-M , Budh Vihar Ph-I, 2 - Block-N, Budh Vihar Ph-I, 3 - Block-O, Budh Vihar Ph-I],,,,,,,,,,,,,,,,,,,,,,,,,,,,,,,,,,,,,,,,,,,,,,,,,,,,,,,,,,,,,,,,,,,,,,,,,,,,,,,,,,,,
139,140, Budh Vihar, 1 - Block-P, Budh Vihar Ph-I, 2 - Block-Q, Budh Vihar Ph-I, 3 - Block-R, Budh Vihar Ph-I],,,,,,,,,,,,,,,,,,,,,,,,,,,,,,,,,,,,,,,,,,,,,,,,,,,,,,,,,,,,,,,,,,,,,,,,,,,,,,,,,,,,
140,141, Budh Vihar, 1 - Block S, Budh Vihar Ph-I, 2 - Block T, Budh Vihar Ph-I],,,,,,,,,,,,,,,,,,,,,,,,,,,,,,,,,,,,,,,,,,,,,,,,,,,,,,,,,,,,,,,,,,,,,,,,,,,,,,,,,,,,,,
141,142, Budh Vihar, 1 - Block U, Budh Vihar Ph-I, 2 - Block V, Budh Vihar Ph-I],,,,,,,,,,,,,,,,,,,,,,,,,,,,,,,,,,,,,,,,,,,,,,,,,,,,,,,,,,,,,,,,,,,,,,,,,,,,,,,,,,,,,,
142,143, Budh Vihar, 1 - Block-Y, Budh Vihar Ph-I],,,,,,,,,,,,,,,,,,,,,,,,,,,,,,,,,,,,,,,,,,,,,,,,,,,,,,,,,,,,,,,,,,,,,,,,,,,,,,,,,,,,,,,,
143,144, Budh Vihar, 1 - Block X, Budh Vihar Ph-I],,,,,,,,,,,,,,,,,,,,,,,,,,,,,,,,,,,,,,,,,,,,,,,,,,,,,,,,,,,,,,,,,,,,,,,,,,,,,,,,,,,,,,,,
144,145, Budh Vihar, 1 - Block A-1, Phase-I, Budh Vihar, 2 - Block B-1, Budh Vihar Phase-I],,,,,,,,,,,,,,,,,,,,,,,,,,,,,,,,,,,,,,,,,,,,,,,,,,,,,,,,,,,,,,,,,,,,,,,,,,,,,,,,,,,,,
145,146, Budh Vihar, 1 - Phase-I, Block B-1, Budh Vihar, 2 - Phase-I , Block C-1, Budh Vihar],,,,,,,,,,,,,,,,,,,,,,,,,,,,,,,,,,,,,,,,,,,,,,,,,,,,,,,,,,,,,,,,,,,,,,,,,,,,,,,,,,,,
146,147, Budh Vihar, 1 - Phase-I, Block D-1 , Budh Vihar],,,,,,,,,,,,,,,,,,,,,,,,,,,,,,,,,,,,,,,,,,,,,,,,,,,,,,,,,,,,,,,,,,,,,,,,,,,,,,,,,,,,,,,
147,148, Budh Vihar, 1 - Phase-I, Block E-1, Budh Vihar],,,,,,,,,,,,,,,,,,,,,,,,,,,,,,,,,,,,,,,,,,,,,,,,,,,,,,,,,,,,,,,,,,,,,,,,,,,,,,,,,,,,,,,
148,149, Budh Vihar, 1 - Phase-I, Block F-1, Budh Vihar],,,,,,,,,,,,,,,,,,,,,,,,,,,,,,,,,,,,,,,,,,,,,,,,,,,,,,,,,,,,,,,,,,,,,,,,,,,,,,,,,,,,,,,
149,150, Budh Vihar, 1 - Phase-I, Block G-1, Budh Vihar],,,,,,,,,,,,,,,,,,,,,,,,,,,,,,,,,,,,,,,,,,,,,,,,,,,,,,,,,,,,,,,,,,,,,,,,,,,,,,,,,,,,,,,
150,151, Budh Vihar, 1 - Block H-1, Budh Vihar Ph-I],,,,,,,,,,,,,,,,,,,,,,,,,,,,,,,,,,,,,,,,,,,,,,,,,,,,,,,,,,,,,,,,,,,,,,,,,,,,,,,,,,,,,,,,
151,152, Budh Vihar, 1 - Block I-1, Budh Vihar Ph-I],,,,,,,,,,,,,,,,,,,,,,,,,,,,,,,,,,,,,,,,,,,,,,,,,,,,,,,,,,,,,,,,,,,,,,,,,,,,,,,,,,,,,,,,
152,153, Budh Vihar, 1 - Block J-1, Budh Vihar Ph-I, 2 - Block K-1, Budh Vihar Ph-I],,,,,,,,,,,,,,,,,,,,,,,,,,,,,,,,,,,,,,,,,,,,,,,,,,,,,,,,,,,,,,,,,,,,,,,,,,,,,,,,,,,,,,
153,154, Budh Vihar, 1 - Block L-1, Budh Vihar , Phase-I, 2 - Block M-1, Budh Vihar , Phase-I],,,,,,,,,,,,,,,,,,,,,,,,,,,,,,,,,,,,,,,,,,,,,,,,,,,,,,,,,,,,,,,,,,,,,,,,,,,,,,,,,,,,
154,155, Budh Vihar, 1 - Phase-I , Block N-1, Budh Vihar, 2 - Phase-I, Block O-1, Near Ndpl, Transformar Budh Vihar],,,,,,,,,,,,,,,,,,,,,,,,,,,,,,,,,,,,,,,,,,,,,,,,,,,,,,,,,,,,,,,,,,,,,,,,,,,,,,,,,,,
155,156, Budh Vihar, 1 - Phase-I, Block P-1, Near Radha Krishan Mandir, Buddh Vihar],,,,,,,,,,,,,,,,,,,,,,,,,,,,,,,,,,,,,,,,,,,,,,,,,,,,,,,,,,,,,,,,,,,,,,,,,,,,,,,,,,,,,,
156,157, Budh Vihar, 1 - Phase-I, Block Q-1, Budh Vihar],,,,,,,,,,,,,,,,,,,,,,,,,,,,,,,,,,,,,,,,,,,,,,,,,,,,,,,,,,,,,,,,,,,,,,,,,,,,,,,,,,,,,,,
157,158, Budh Vihar, 1 - Phase-I, Block R-1, Budh Vihar],,,,,,,,,,,,,,,,,,,,,,,,,,,,,,,,,,,,,,,,,,,,,,,,,,,,,,,,,,,,,,,,,,,,,,,,,,,,,,,,,,,,,,,
158,159, Budh Vihar, 1 - Ph-I, Block S-1, Budh Vihar],,,,,,,,,,,,,,,,,,,,,,,,,,,,,,,,,,,,,,,,,,,,,,,,,,,,,,,,,,,,,,,,,,,,,,,,,,,,,,,,,,,,,,,
159,160, Budh Vihar, 1 - Ph-I, Block T-1, Budh Vihar],,,,,,,,,,,,,,,,,,,,,,,,,,,,,,,,,,,,,,,,,,,,,,,,,,,,,,,,,,,,,,,,,,,,,,,,,,,,,,,,,,,,,,,
160,161, Budh Vihar, 1 - Block X-1, Budh Vihar, Phase-I, ],,,,,,,,,,,,,,,,,,,,,,,,,,,,,,,,,,,,,,,,,,,,,,,,,,,,,,,,,,,,,,,,,,,,,,,,,,,,,,,,,,,,,,
161,162, Budh Vihar, 1 - Block Y-1, Budh Vihar, Phase-I],,,,,,,,,,,,,,,,,,,,,,,,,,,,,,,,,,,,,,,,,,,,,,,,,,,,,,,,,,,,,,,,,,,,,,,,,,,,,,,,,,,,,,,
162,163, Budh Vihar, 1 - Block U-1, Budh Vihar, Ph-I],,,,,,,,,,,,,,,,,,,,,,,,,,,,,,,,,,,,,,,,,,,,,,,,,,,,,,,,,,,,,,,,,,,,,,,,,,,,,,,,,,,,,,,
163,164, Budh Vihar, 1 - Block V-1, Budh Vihar, Ph-I],,,,,,,,,,,,,,,,,,,,,,,,,,,,,,,,,,,,,,,,,,,,,,,,,,,,,,,,,,,,,,,,,,,,,,,,,,,,,,,,,,,,,,,
164,165, Budh Vihar, 1 - Block A-2, Budh Vihar, Phase-I, ],,,,,,,,,,,,,,,,,,,,,,,,,,,,,,,,,,,,,,,,,,,,,,,,,,,,,,,,,,,,,,,,,,,,,,,,,,,,,,,,,,,,,,
165,166, Budh Vihar, 1 - Block B-2, Budh Vihar, Phase-I, ],,,,,,,,,,,,,,,,,,,,,,,,,,,,,,,,,,,,,,,,,,,,,,,,,,,,,,,,,,,,,,,,,,,,,,,,,,,,,,,,,,,,,,
166,167, Budh Vihar, 1 - Block C-2 , Budh Vihar, Ph-I, 2 - Block D-2, Budh Vihar, Ph-I, ],,,,,,,,,,,,,,,,,,,,,,,,,,,,,,,,,,,,,,,,,,,,,,,,,,,,,,,,,,,,,,,,,,,,,,,,,,,,,,,,,,,
167,168, Budh Vihar, 1 - Block E-2, Budh Vihar, Ph-I, 2 - Block F-2, Budh Vihar, Ph-I, ],,,,,,,,,,,,,,,,,,,,,,,,,,,,,,,,,,,,,,,,,,,,,,,,,,,,,,,,,,,,,,,,,,,,,,,,,,,,,,,,,,,
168,169, Budh Vihar, 1 - Block G-2, Budh Vihar, Phase-I, 2 - Block H-2, Budh Vihar, Phase-I, 3 - Block I-2, Budh Vihar, Phase-I, ],,,,,,,,,,,,,,,,,,,,,,,,,,,,,,,,,,,,,,,,,,,,,,,,,,,,,,,,,,,,,,,,,,,,,,,,,,,,,,,,
169,170, Budh Vihar, 1 - Block J-2, Budh Vihar, Phase-I, 2 - Block K-2, Budh Vihar, Phase-I, 3 - Block L-2, Budh Vihar, Phase-I, ],,,,,,,,,,,,,,,,,,,,,,,,,,,,,,,,,,,,,,,,,,,,,,,,,,,,,,,,,,,,,,,,,,,,,,,,,,,,,,,,
170,171, Budh Vihar, 1 - Block M-2, Budh Vihar, Phase-I, 2 - Block N-2 , Budh Vihar, Phase-I, 3 - Block O-2, Near Durgiana Mander, Budh Vihar, Phase-I, 4 - Block P-2 , Budh Vihar, Phase-I, 5 - Block Q-2, Budh Vihar, Phase-I, 6 - Block R-2, Budh Vihar, Phase-I, 7 - Block S-2, Budh Vihar, Phase-I, 8 - Block T-2 , Budh Vihar, Phase-I, 9 - Block U-2, Budh Vihar, Phase-I, 10 - Block X-2, Budh Vihar, Phase-I, 11 - Block Y-2, Budh Vihar, Phase-I, ],,,,,,,,,,,,,,,,,,,,,,,,,,,,,,,,,,,,,,,,,,,,,,,,,,,,,,,
171,172, Vijay Vihar, 1 - A-Block, Vijay Vihar Ph-I],,,,,,,,,,,,,,,,,,,,,,,,,,,,,,,,,,,,,,,,,,,,,,,,,,,,,,,,,,,,,,,,,,,,,,,,,,,,,,,,,,,,,,,,
172,173, Vijay Vihar, 1 - Block - A, Vijay Vihar Ph-I],,,,,,,,,,,,,,,,,,,,,,,,,,,,,,,,,,,,,,,,,,,,,,,,,,,,,,,,,,,,,,,,,,,,,,,,,,,,,,,,,,,,,,,,
173,174, Vijay Vihar, 1 - B-Block, Vijay Vihar Ph-I],,,,,,,,,,,,,,,,,,,,,,,,,,,,,,,,,,,,,,,,,,,,,,,,,,,,,,,,,,,,,,,,,,,,,,,,,,,,,,,,,,,,,,,,
174,175, Vijay Vihar, 1 - Block-C, Vijay Vihar Ph-I, 2 - Block-D, Vijay Vihar Ph-I],,,,,,,,,,,,,,,,,,,,,,,,,,,,,,,,,,,,,,,,,,,,,,,,,,,,,,,,,,,,,,,,,,,,,,,,,,,,,,,,,,,,,,
175,176, Vijay Vihar, 1 - E-Block, Vijay Vihar Ph-I],,,,,,,,,,,,,,,,,,,,,,,,,,,,,,,,,,,,,,,,,,,,,,,,,,,,,,,,,,,,,,,,,,,,,,,,,,,,,,,,,,,,,,,,
176,177, Vijay Vihar, 1 - F-Block, Vijay Vihar Ph-I],,,,,,,,,,,,,,,,,,,,,,,,,,,,,,,,,,,,,,,,,,,,,,,,,,,,,,,,,,,,,,,,,,,,,,,,,,,,,,,,,,,,,,,,
177,178, Vijay Vihar, 1 - Block - F, Vijay Vihar Ph-I],,,,,,,,,,,,,,,,,,,,,,,,,,,,,,,,,,,,,,,,,,,,,,,,,,,,,,,,,,,,,,,,,,,,,,,,,,,,,,,,,,,,,,,,
178,179, Vijay Vihar, 1 - G-Block, Vijay Vihar Ph-I],,,,,,,,,,,,,,,,,,,,,,,,,,,,,,,,,,,,,,,,,,,,,,,,,,,,,,,,,,,,,,,,,,,,,,,,,,,,,,,,,,,,,,,,
179,180, Vijay Vihar, 1 - Block-I, Vijay Vihar Ph-I],,,,,,,,,,,,,,,,,,,,,,,,,,,,,,,,,,,,,,,,,,,,,,,,,,,,,,,,,,,,,,,,,,,,,,,,,,,,,,,,,,,,,,,,
180,181, Vijay Vihar, 1 - Block-J, Vijay Vihar Ph-I],,,,,,,,,,,,,,,,,,,,,,,,,,,,,,,,,,,,,,,,,,,,,,,,,,,,,,,,,,,,,,,,,,,,,,,,,,,,,,,,,,,,,,,,
181,182, Vijay Vihar, 1 - Block-K, Vijay Vihar Ph-I],,,,,,,,,,,,,,,,,,,,,,,,,,,,,,,,,,,,,,,,,,,,,,,,,,,,,,,,,,,,,,,,,,,,,,,,,,,,,,,,,,,,,,,,
182,183, Vijay Vihar, 1 - Block-L, Vijay Vihar Ph-I, 2 - Block-H, Vijay Vihar Ph-I],,,,,,,,,,,,,,,,,,,,,,,,,,,,,,,,,,,,,,,,,,,,,,,,,,,,,,,,,,,,,,,,,,,,,,,,,,,,,,,,,,,,,,
183,184, Vijay Vihar, 1 - Block-C, Vijay Vihar Ph-II],,,,,,,,,,,,,,,,,,,,,,,,,,,,,,,,,,,,,,,,,,,,,,,,,,,,,,,,,,,,,,,,,,,,,,,,,,,,,,,,,,,,,,,,
184,185, Vijay Vihar, 1 - Block - C, Vijay Vihar Ph-II],,,,,,,,,,,,,,,,,,,,,,,,,,,,,,,,,,,,,,,,,,,,,,,,,,,,,,,,,,,,,,,,,,,,,,,,,,,,,,,,,,,,,,,,
185,186, Vijay Vihar, 1 - Block-D, Vijay Vihar Ph-II],,,,,,,,,,,,,,,,,,,,,,,,,,,,,,,,,,,,,,,,,,,,,,,,,,,,,,,,,,,,,,,,,,,,,,,,,,,,,,,,,,,,,,,,
186,187, Vijay Vihar, 1 - Block-E, Vijay Vihar Ph-II],,,,,,,,,,,,,,,,,,,,,,,,,,,,,,,,,,,,,,,,,,,,,,,,,,,,,,,,,,,,,,,,,,,,,,,,,,,,,,,,,,,,,,,,
187,188, Vijay Vihar, 1 - Block-B, Vijay Vihar Ph-II],,,,,,,,,,,,,,,,,,,,,,,,,,,,,,,,,,,,,,,,,,,,,,,,,,,,,,,,,,,,,,,,,,,,,,,,,,,,,,,,,,,,,,,,
188,189, Vijay Vihar, 1 - F-Block, Vijay Vihar Ph-2],,,,,,,,,,,,,,,,,,,,,,,,,,,,,,,,,,,,,,,,,,,,,,,,,,,,,,,,,,,,,,,,,,,,,,,,,,,,,,,,,,,,,,,,
189,190, Vijay Vihar, 1 - Block-F, Vijay Vihar Ph-2],,,,,,,,,,,,,,,,,,,,,,,,,,,,,,,,,,,,,,,,,,,,,,,,,,,,,,,,,,,,,,,,,,,,,,,,,,,,,,,,,,,,,,,,
190,191, Vijay Vihar, 1 - G-Block, Vijay Vihar Ph-2],,,,,,,,,,,,,,,,,,,,,,,,,,,,,,,,,,,,,,,,,,,,,,,,,,,,,,,,,,,,,,,,,,,,,,,,,,,,,,,,,,,,,,,,
191,192, Vijay Vihar, 1 - Block-H, Vijay Vihar Ph-II],,,,,,,,,,,,,,,,,,,,,,,,,,,,,,,,,,,,,,,,,,,,,,,,,,,,,,,,,,,,,,,,,,,,,,,,,,,,,,,,,,,,,,,,
192,193, Vijay Vihar, 1 - Block-I, Vijay Vihar Ph-II],,,,,,,,,,,,,,,,,,,,,,,,,,,,,,,,,,,,,,,,,,,,,,,,,,,,,,,,,,,,,,,,,,,,,,,,,,,,,,,,,,,,,,,,
193,194, Vijay Vihar, 1 - J-Block, Vijay Vihar Ph-II, 2 - K-Block, Vijay Vihar Ph-II],,,,,,,,,,,,,,,,,,,,,,,,,,,,,,,,,,,,,,,,,,,,,,,,,,,,,,,,,,,,,,,,,,,,,,,,,,,,,,,,,,,,,,
194,195, Vijay Vihar, 1 - K Block, Vijay Vihar Ph-II],,,,,,,,,,,,,,,,,,,,,,,,,,,,,,,,,,,,,,,,,,,,,,,,,,,,,,,,,,,,,,,,,,,,,,,,,,,,,,,,,,,,,,,,
195,196, Vijay Vihar, 1 - A-Block, Gopal Vihar , Vijay Vihar Ph-II, 2 - B-Block, Gopal Vihar, Vijay Vihar Ph-II],,,,,,,,,,,,,,,,,,,,,,,,,,,,,,,,,,,,,,,,,,,,,,,,,,,,,,,,,,,,,,,,,,,,,,,,,,,,,,,,,,,,
196,197, Vijay Vihar, 1 - L-Block, Vijay Vihar Ph-II, 2 - Block-A, Hargovind Vihar, Vijay Vihar Ph-II, 3 - Block-B Hargovind Vihar, Vijay Vihar Ph-II, 4 - Block-C Hargovind Vihar, Vijay Vihar Ph-II],,,,,,,,,,,,,,,,,,,,,,,,,,,,,,,,,,,,,,,,,,,,,,,,,,,,,,,,,,,,,,,,,,,,,,,,,,,,,,,,,
197,198, Vijay Vihar, 1 - L-Block, Vijay Vihar Ph-II],,,,,,,,,,,,,,,,,,,,,,,,,,,,,,,,,,,,,,,,,,,,,,,,,,,,,,,,,,,,,,,,,,,,,,,,,,,,,,,,,,,,,,,,
198,199, Rohini Sec-4, 1 - DDA Flats, Block B-1, Sector-4, Rohini, 2 - DDA Flats, Block B-1, Sector-4, Rohini, 3 - DDA Flats, Block B-2, Sector-4, Rohini, 4 - DDA Flats, Block B-3, Sector-4, Rohini, 5 - DDA Flats, Block C-1, Sector-4, Rohini, 6 - DDA Flats, Block C-2 , Sector-4, Rohini, 7 - DDA Flats, Block C-3 , Sector-4, Rohini, 8 - DDA Flats, Block D-1, Sector-4, Rohini, 9 - DDA Flats, Block D-2, Sector-4, Rohini, 10 - DDA Flats, Block D-3, Sector-4, Rohini, 11 - DDA Flats, Block E-1, Sector-4, Rohini, 12 - DDA Flats, Block E-2, Sector-4, Rohini, 13 - DDA Flats, Block E-3, Sector-4, Rohini, 14 - DDA Flats, Block F-1, Sector-4, Rohini, 15 - DDA Flats, Block F-2, Sector-4, Rohini, 16 - DDA Flats, Block F-3, Sector-4, Rohini, 17 - DDA Flats, Block A-1, Vijay Vihar Ph-1, Sector-4, Rohini, 18 - DDA Flats, Block A-2, Vijay Vihar Ph-1, Sector-4, Rohini, 19 - DDA Flats, Block A-3, Vijay Vihar Ph-1, Sector-4, Rohini],,,,,,,,,,,
199,200, Rohini Sec-4, 1 - DDA Flats, Block G-1, Sector-4, Rohini, 2 - DDA Flats, Block G-2, Sector-4, Rohini, 3 - DDA Flats, Block G-3, Sector-4, Rohini, 4 - DDA Flats, Block H-1, Sector-4, Rohini, 5 - DDA Flats, Block H-2, Sector-4, Rohini, 6 - DDA Flats, Block H-3, Sector-4, Rohini, 7 - DDA Flats, Block K-1, Sector-4, Rohini, 8 - DDA Flats, Block K-2, Sector-4, Rohini, 9 - DDA Flats, Block K-3, Sector-4, Rohini, 10 - DDA Flats, Block L-1, Sector-4, Rohini, 11 - DDA Flats, Block L-2 , Sector-4, Rohini, 12 - DDA Flats, Block L-3, Sector-4, Rohini, 13 - DDA Flats, Block P-1, Sector-4, Rohini, 14 - DDA Flats, Block P-2, Sector-4, Rohini, 15 - DDA Flats, Block P-3, Sector-4, Rohini, 16 - DDA Flats, Block Q-1, Sector-4, Rohini, 17 - DDA Flats, Block Q-2, Sector-4, Rohini, 18 - DDA Flats, Block Q-3, Sector-4, Rohini, 19 - DDA Flats, Block R-1, Sector-4, Rohini, 20 - DDA Flats, Block R-2 , Sector-4, Rohini, 21 - DDA Flats, Block R-3, Sector-4, Rohini, 22 - DDA Flats, Block M-2, Sector-4, Rohini, 23 - DDA Flats, B]
200,201, Rohini Sec-1, 1 - D-Block, Faront Of Gss School , Sector-1, Rohini],,,,,,,,,,,,,,,,,,,,,,,,,,,,,,,,,,,,,,,,,,,,,,,,,,,,,,,,,,,,,,,,,,,,,,,,,,,,,,,,,,,,,,
201,202, Rohini Sec-1, 1 - M.C.D Flats, Sector-1, Rohini],,,,,,,,,,,,,,,,,,,,,,,,,,,,,,,,,,,,,,,,,,,,,,,,,,,,,,,,,,,,,,,,,,,,,,,,,,,,,,,,,,,,,,,
202,203, Rohini Sec-1 Avantika, 1 - M C D Flats, Sector - 1, Rohini, 2 - Maharishi Balmiki Bhadr Kali Mandir, M C D Flats, Rohini Sector-1],,,,,,,,,,,,,,,,,,,,,,,,,,,,,,,,,,,,,,,,,,,,,,,,,,,,,,,,,,,,,,,,,,,,,,,,,,,,,,,,,,,,
203,204, Rohini Sec-1 Avantika, 1 - D-Block, Sector-1, Rohini, 2 - Near Kabristan Sector-1 Avantika, Rohini],,,,,,,,,,,,,,,,,,,,,,,,,,,,,,,,,,,,,,,,,,,,,,,,,,,,,,,,,,,,,,,,,,,,,,,,,,,,,,,,,,,,,
204,205, Rohini Sec-1 Avantika, 1 - E-Block, Sector-1, Rohini],,,,,,,,,,,,,,,,,,,,,,,,,,,,,,,,,,,,,,,,,,,,,,,,,,,,,,,,,,,,,,,,,,,,,,,,,,,,,,,,,,,,,,,
205,206, Rohini Sec-1 Avantika, 1 - Amarpali, B Block, Sector 1, Rohini],,,,,,,,,,,,,,,,,,,,,,,,,,,,,,,,,,,,,,,,,,,,,,,,,,,,,,,,,,,,,,,,,,,,,,,,,,,,,,,,,,,,,,
206,207, Rohini Sec-1 Avantika, 1 - B-Block, Main Avintika Road, Sector-1, Rohini],,,,,,,,,,,,,,,,,,,,,,,,,,,,,,,,,,,,,,,,,,,,,,,,,,,,,,,,,,,,,,,,,,,,,,,,,,,,,,,,,,,,,,
207,208, Rohini Sec-1 Avantika, 1 - C-Block, Behind Durga Mandir, Sector-1, Rohini],,,,,,,,,,,,,,,,,,,,,,,,,,,,,,,,,,,,,,,,,,,,,,,,,,,,,,,,,,,,,,,,,,,,,,,,,,,,,,,,,,,,,,
208,209, Rohini Sec-1 Avantika, 1 - C-Block, Behind Water Tank, Sector-1, Rohini],,,,,,,,,,,,,,,,,,,,,,,,,,,,,,,,,,,,,,,,,,,,,,,,,,,,,,,,,,,,,,,,,,,,,,,,,,,,,,,,,,,,,,
209,210, Rohini Sec-1 Avantika, 1 - Block - C, Behaind Water Tank, Sector-1, Rohini],,,,,,,,,,,,,,,,,,,,,,,,,,,,,,,,,,,,,,,,,,,,,,,,,,,,,,,,,,,,,,,,,,,,,,,,,,,,,,,,,,,,,,
210,211, Rohini Sec-1 Avantika, 1 - B-Block, Opp .Asha Kiran Appt., Sector-1, Rohini],,,,,,,,,,,,,,,,,,,,,,,,,,,,,,,,,,,,,,,,,,,,,,,,,,,,,,,,,,,,,,,,,,,,,,,,,,,,,,,,,,,,,,
211,212, Rohini Sec-1 Avantika, 1 - Block-B, Opp. Asha Kiran Appt., Sector-1, Rohini],,,,,,,,,,,,,,,,,,,,,,,,,,,,,,,,,,,,,,,,,,,,,,,,,,,,,,,,,,,,,,,,,,,,,,,,,,,,,,,,,,,,,,
212,213, Rohini Sec-1, 1 - Asha Kiran Staff Qr., Type-1 , Sector-1, Rohini, 2 - B Block, Sector-1, Near Asha Kiran Appt., Rohini],,,,,,,,,,,,,,,,,,,,,,,,,,,,,,,,,,,,,,,,,,,,,,,,,,,,,,,,,,,,,,,,,,,,,,,,,,,,,,,,,,
213,214, Rohini Sec-1 Avantika, 1 - Block-B, Janta Flats, Sector-1, Rohini],,,,,,,,,,,,,,,,,,,,,,,,,,,,,,,,,,,,,,,,,,,,,,,,,,,,,,,,,,,,,,,,,,,,,,,,,,,,,,,,,,,,,,
214,215, Rohini Sec-1, 1 - B-Block, Janta Flats, Sector 1, Rohini],,,,,,,,,,,,,,,,,,,,,,,,,,,,,,,,,,,,,,,,,,,,,,,,,,,,,,,,,,,,,,,,,,,,,,,,,,,,,,,,,,,,,,
